S_Wave_X;S_Wave_Y;S_Surge_X;S_Surge_Y;S_Sway_X;S_Sway_Y;S_Heave_X;S_Heave_Y;S_Roll_X;S_Roll_Y;S_Pitch_X;S_Pitch_Y;S_Yaw_X;S_Yaw_Y;S_Added_Res_X;S_Added_Res_Y;S_Wave_WF_X;S_Wave_WF_Y
0,240000;0,000000;0,240000;0,000000;0,240000;0,000000;0,240000;0,000000;0,240000;0,000000;0,240000;0,000000;0,240000;0,000000;0,240000;0,000000;0,240000;0,000000
0,270667;0,000000;0,270667;0,000000;0,270667;0,000000;0,270667;0,000000;0,270667;0,000000;0,270667;0,000000;0,270667;0,000000;0,270667;0,000000;0,257778;0,000000
0,301333;0,000000;0,301333;0,000000;0,301333;0,000000;0,301333;0,000000;0,301333;0,000000;0,301333;0,000000;0,301333;0,000000;0,301333;0,000011;0,275556;0,000000
0,332000;0,000025;0,332000;0,000000;0,332000;0,000000;0,332000;0,000026;0,332000;0,000468;0,332000;0,000002;0,332000;0,000000;0,332000;0,014555;0,293333;0,000000
0,362667;0,001751;0,362667;0,000000;0,362667;0,000000;0,362667;0,001873;0,362667;0,009395;0,362667;0,000184;0,362667;0,000000;0,362667;1,080894;0,311111;0,000000
0,393333;0,024664;0,393333;0,000000;0,393333;0,000000;0,393333;0,027116;0,393333;0,066486;0,393333;0,003905;0,393333;0,000000;0,393333;14,814847;0,328889;0,000014
0,424000;0,139096;0,424000;0,000000;0,424000;0,000000;0,424000;0,158652;0,424000;0,239838;0,424000;0,030891;0,424000;0,000000;0,424000;74,960565;0,346667;0,000240
0,454667;0,424825;0,454667;0,000000;0,454667;0,000000;0,454667;0,510114;0,454667;0,542181;0,454667;0,121386;0,454667;0,000000;0,454667;188,983231;0,364444;0,002109
0,485333;0,871744;0,485333;0,000000;0,485333;0,000000;0,485333;1,124186;0,485333;0,901308;0,485333;0,290610;0,485333;0,000000;0,485333;367,910743;0,382222;0,010640
0,516000;1,374197;0,516000;0,000000;0,516000;0,000000;0,516000;1,952775;0,516000;1,202577;0,516000;0,483429;0,516000;0,000000;0,516000;771,195984;0,400000;0,038395
0,546667;1,812283;0,546667;0,000000;0,546667;0,000000;0,546667;2,909860;0,546667;1,402000;0,546667;0,587649;0,546667;0,000000;0,546667;1364,852660;0,419048;0,110447
0,577333;2,113956;0,577333;0,000000;0,577333;0,000000;0,577333;3,914547;0,577333;1,477954;0,577333;0,538473;0,577333;0,000000;0,577333;1951,988649;0,438095;0,246924
0,608000;2,263589;0,608000;0,000000;0,608000;0,000000;0,608000;4,874939;0,608000;1,455232;0,608000;0,368158;0,608000;0,000000;0,608000;2381,720791;0,457143;0,455900
0,638667;2,282010;0,638667;0,000000;0,638667;0,000000;0,638667;5,555711;0,638667;1,373124;0,638667;0,189331;0,638667;0,000000;0,638667;2539,776497;0,476190;0,726822
0,669333;2,204265;0,669333;0,000000;0,669333;0,000000;0,669333;5,743898;0,669333;1,251077;0,669333;0,137996;0,669333;0,000000;0,669333;2404,477816;0,495238;1,034270
0,700000;2,065310;0,700000;0,000000;0,700000;0,000000;0,700000;5,117856;0,700000;1,117404;0,700000;0,221175;0,700000;0,000000;0,700000;2014,272216;0,514286;1,346849
0,730667;1,893613;0,730667;0,000000;0,730667;0,000000;0,730667;3,857554;0,730667;0,982972;0,730667;0,323873;0,730667;0,000000;0,730667;1562,697580;0,533333;1,635757
0,761333;1,709727;0,761333;0,000000;0,761333;0,000000;0,761333;2,475337;0,761333;0,855144;0,761333;0,328084;0,761333;0,000000;0,761333;1208,135275;0,552381;1,879989
0,792000;1,527175;0,792000;0,000000;0,792000;0,000000;0,792000;1,387899;0,792000;0,741149;0,792000;0,213032;0,792000;0,000000;0,792000;1017,924693;0,571429;2,067867
0,822667;1,354071;0,822667;0,000000;0,822667;0,000000;0,822667;0,716885;0,822667;0,639006;0,822667;0,088532;0,822667;0,000000;0,822667;923,529619;0,590476;2,196046
0,853333;1,194724;0,853333;0,000000;0,853333;0,000000;0,853333;0,355934;0,853333;0,550319;0,853333;0,015649;0,853333;0,000000;0,853333;797,086130;0,609524;2,267339
0,884000;1,050919;0,884000;0,000000;0,884000;0,000000;0,884000;0,173937;0,884000;0,473898;0,884000;0,000960;0,884000;0,000000;0,884000;603,205567;0,628571;2,288373
0,914667;0,922877;0,914667;0,000000;0,914667;0,000000;0,914667;0,083147;0,914667;0,407953;0,914667;0,011778;0,914667;0,000000;0,914667;473,025318;0,647619;2,267613
0,945333;0,809913;0,945333;0,000000;0,945333;0,000000;0,945333;0,040631;0,945333;0,352126;0,945333;0,017852;0,945333;0,000000;0,945333;457,349589;0,666667;2,213923
0,976000;0,710862;0,976000;0,000000;0,976000;0,000000;0,976000;0,021847;0,976000;0,304253;0,976000;0,013216;0,976000;0,000000;0,976000;404,037189;0,685714;2,135660
1,006667;0,624360;1,006667;0,000000;1,006667;0,000000;1,006667;0,014113;1,006667;0,263481;1,006667;0,004915;1,006667;0,000000;1,006667;328,434647;0,704762;2,040186
1,037333;0,549010;1,037333;0,000000;1,037333;0,000000;1,037333;0,009639;1,037333;0,228825;1,037333;0,000979;1,037333;0,000000;1,037333;277,483470;0,723810;1,933670
1,068000;0,483420;1,068000;0,000000;1,068000;0,000000;1,068000;0,005674;1,068000;0,199094;1,068000;0,001863;1,068000;0,000000;1,068000;251,465992;0,742857;1,821080
1,098667;0,426390;1,098667;0,000000;1,098667;0,000000;1,098667;0,002282;1,098667;0,173821;1,098667;0,003321;1,098667;0,000000;1,098667;228,081509;0,761905;1,706281
1,129333;0,376759;1,129333;0,000000;1,129333;0,000000;1,129333;0,000452;1,129333;0,152109;1,129333;0,002991;1,129333;0,000000;1,129333;195,842914;0,780952;1,592177
1,160000;0,333557;1,160000;0,000000;1,160000;0,000000;1,160000;0,000030;1,160000;0,133465;1,160000;0,001575;1,160000;0,000000;1,160000;164,811321;0,800000;1,480880
1,190667;0,295906;1,190667;0,000000;1,190667;0,000000;1,190667;0,000146;1,190667;0,117460;1,190667;0,000680;1,190667;0,000000;1,190667;146,791902;0,819048;1,373840
1,221333;0,263026;1,221333;0,000000;1,221333;0,000000;1,221333;0,000172;1,221333;0,103615;1,221333;0,000644;1,221333;0,000000;1,221333;136,625678;0,838095;1,272029
1,252000;0,234271;1,252000;0,000000;1,252000;0,000000;1,252000;0,000069;1,252000;0,091653;1,252000;0,000793;1,252000;0,000000;1,252000;125,490294;0,857143;1,175996
1,282667;0,209079;1,282667;0,000000;1,282667;0,000000;1,282667;0,000034;1,282667;0,081279;1,282667;0,000730;1,282667;0,000000;1,282667;112,806375;0,876190;1,086034
1,313333;0,187060;1,313333;0,000000;1,313333;0,000000;1,313333;0,000121;1,313333;0,072289;1,313333;0,000503;1,313333;0,000000;1,313333;102,043642;0,895238;1,002186
1,344000;0,167624;1,344000;0,000000;1,344000;0,000000;1,344000;0,000232;1,344000;0,064412;1,344000;0,000306;1,344000;0,000000;1,344000;93,911744;0,914286;0,924372
1,374667;0,150500;1,374667;0,000000;1,374667;0,000000;1,374667;0,000258;1,374667;0,057541;1,374667;0,000263;1,374667;0,000000;1,374667;87,286446;0,933333;0,852386
1,405333;0,135384;1,405333;0,000000;1,405333;0,000000;1,405333;0,000199;1,405333;0,051507;1,405333;0,000347;1,405333;0,000000;1,405333;80,973237;0,952381;0,785965
1,436000;0,122027;1,436000;0,000000;1,436000;0,000000;1,436000;0,000111;1,436000;0,046221;1,436000;0,000331;1,436000;0,000000;1,436000;74,398795;0,971429;0,724797
1,466667;0,110213;1,466667;0,000000;1,466667;0,000000;1,466667;0,000054;1,466667;0,041566;1,466667;0,000262;1,466667;0,000000;1,466667;67,390695;0,990476;0,668567
1,497333;0,099720;1,497333;0,000000;1,497333;0,000000;1,497333;0,000020;1,497333;0,037465;1,497333;0,000248;1,497333;0,000000;1,497333;61,441402;1,009524;0,616895
1,528000;0,090383;1,528000;0,000000;1,528000;0,000000;1,528000;0,000016;1,528000;0,033828;1,528000;0,000278;1,528000;0,000000;1,528000;57,044851;1,028571;0,569475
1,558667;0,082059;1,558667;0,000000;1,558667;0,000000;1,558667;0,000046;1,558667;0,030609;1,558667;0,000226;1,558667;0,000000;1,558667;53,163727;1,047619;0,525986
1,589333;0,074625;1,589333;0,000000;1,589333;0,000000;1,589333;0,000083;1,589333;0,027742;1,589333;0,000161;1,589333;0,000000;1,589333;49,286173;1,066667;0,486096
1,620000;0,067973;1,620000;0,000000;1,620000;0,000000;1,620000;0,000047;1,620000;0,025257;1,620000;0,000054;1,620000;0,000000;1,620000;45,486887;1,085714;0,449511
1,650667;0,062012;1,650667;0,000000;1,650667;0,000000;1,650667;0,000021;1,650667;0,022989;1,650667;0,000024;1,650667;0,000000;1,650667;41,954517;1,104762;0,415960
1,681333;0,056660;1,681333;0,000000;1,681333;0,000000;1,681333;0,000027;1,681333;0,020897;1,681333;0,000084;1,681333;0,000000;1,681333;38,735156;1,123810;0,385199
1,712000;0,051846;1,712000;0,000000;1,712000;0,000000;1,712000;0,000003;1,712000;0,019117;1,712000;0,000016;1,712000;0,000000;1,712000;35,731374;1,142857;0,356991
1,742667;0,047520;1,742667;0,000000;1,742667;0,000000;1,742667;0,000006;1,742667;0,017454;1,742667;0,000047;1,742667;0,000000;1,742667;33,008838;1,161905;0,331085
1,773333;0,043616;1,773333;0,000000;1,773333;0,000000;1,773333;0,000005;1,773333;0,015986;1,773333;0,000040;1,773333;0,000000;1,773333;30,446249;1,180952;0,307256
1,804000;0,040087;1,804000;0,000000;1,804000;0,000000;1,804000;0,000005;1,804000;0,014671;1,804000;0,000011;1,804000;0,000000;1,804000;28,060605;1,200000;0,285425
1,834667;0,036891;1,834667;0,000000;1,834667;0,000000;1,834667;0,000014;1,834667;0,013449;1,834667;0,000033;1,834667;0,000000;1,834667;25,870027;1,219048;0,265319
1,865333;0,033994;1,865333;0,000000;1,865333;0,000000;1,865333;0,000003;1,865333;0,012388;1,865333;0,000007;1,865333;0,000000;1,865333;23,742840;1,238095;0,246825
1,896000;0,031363;1,896000;0,000000;1,896000;0,000000;1,896000;0,000005;1,896000;0,011397;1,896000;0,000012;1,896000;0,000000;1,896000;21,801839;1,257143;0,229820
1,926667;0,028971;1,926667;0,000000;1,926667;0,000000;1,926667;0,000005;1,926667;0,010508;1,926667;0,000012;1,926667;0,000000;1,926667;20,115059;1,276190;0,214129
1,957333;0,026793;1,957333;0,000000;1,957333;0,000000;1,957333;0,000000;1,957333;0,009710;1,957333;0,000003;1,957333;0,000000;1,957333;18,646093;1,295238;0,199748
1,988000;0,024808;1,988000;0,000000;1,988000;0,000000;1,988000;0,000006;1,988000;0,008955;1,988000;0,000028;1,988000;0,000000;1,988000;17,304158;1,314286;0,186414
2,018667;0,022998;2,018667;0,000000;2,018667;0,000000;2,018667;0,000000;2,018667;0,008306;2,018667;0,000003;2,018667;0,000000;2,018667;15,934165;1,333333;0,174051
2,049333;0,021343;2,049333;0,000000;2,049333;0,000000;2,049333;0,000002;2,049333;0,007692;2,049333;0,000006;2,049333;0,000000;2,049333;14,684274;1,352381;0,162729
2,080000;0,019829;2,080000;0,000000;2,080000;0,000000;2,080000;0,000002;2,080000;0,007133;2,080000;0,000010;2,080000;0,000000;2,080000;13,565644;1,371429;0,152227
2,110667;0,018441;2,110667;0,000000;2,110667;0,000000;2,110667;0,000000;2,110667;0,006631;2,110667;0,000001;2,110667;0,000000;2,110667;12,568768;1,390476;0,142469
2,141333;0,017167;2,141333;0,000000;2,141333;0,000000;2,141333;0,000003;2,141333;0,006156;2,141333;0,000012;2,141333;0,000000;2,141333;11,657544;1,409524;0,133480
2,172000;0,015997;2,172000;0,000000;2,172000;0,000000;2,172000;0,000000;2,172000;0,005736;2,172000;0,000002;2,172000;0,000000;2,172000;10,833305;1,428571;0,125152
2,202667;0,014921;2,202667;0,000000;2,202667;0,000000;2,202667;0,000001;2,202667;0,005342;2,202667;0,000004;2,202667;0,000000;2,202667;10,078991;1,447619;0,117396
2,233333;0,013930;2,233333;0,000000;2,233333;0,000000;2,233333;0,000002;2,233333;0,004978;2,233333;0,000009;2,233333;0,000000;2,233333;9,341338;1,466667;0,110213
2,264000;0,013016;2,264000;0,000000;2,264000;0,000000;2,264000;0,000000;2,264000;0,004651;2,264000;0,000000;2,264000;0,000000;2,264000;8,593690;1,485714;0,103562
2,294667;0,012174;2,294667;0,000000;2,294667;0,000000;2,294667;0,000003;2,294667;0,004340;2,294667;0,000007;2,294667;0,000000;2,294667;7,912158;1,504762;0,097356
2,325333;0,011397;2,325333;0,000000;2,325333;0,000000;2,325333;0,000000;2,325333;0,004063;2,325333;0,000002;2,325333;0,000000;2,325333;7,344140;1,523810;0,091577
2,356000;0,010678;2,356000;0,000000;2,356000;0,000000;2,356000;0,000001;2,356000;0,003802;2,356000;0,000002;2,356000;0,000000;2,356000;6,834352;1,542857;0,086231
2,386667;0,010013;2,386667;0,000000;2,386667;0,000000;2,386667;0,000002;2,386667;0,003559;2,386667;0,000007;2,386667;0,000000;2,386667;6,325927;1,561905;0,081231
2,417333;0,009396;2,417333;0,000000;2,417333;0,000000;2,417333;0,000000;2,417333;0,003341;2,417333;0,000000;2,417333;0,000000;2,417333;5,768102;1,580952;0,076552
2,448000;0,008825;2,448000;0,000000;2,448000;0,000000;2,448000;0,000002;2,448000;0,003131;2,448000;0,000004;2,448000;0,000000;2,448000;5,258999;1,600000;0,072225
2,478667;0,008294;2,478667;0,000000;2,478667;0,000000;2,478667;0,000001;2,478667;0,002943;2,478667;0,000001;2,478667;0,000000;2,478667;4,895351;1,677778;0,057259
2,509333;0,007801;2,509333;0,000000;2,509333;0,000000;2,509333;0,000000;2,509333;0,002766;2,509333;0,000002;2,509333;0,000000;2,509333;4,591475;1,755556;0,045825
2,540000;0,007343;2,540000;0,000000;2,540000;0,000000;2,540000;0,000002;2,540000;0,002599;2,540000;0,000005;2,540000;0,000000;2,540000;4,279003;1,833333;0,037023
2,570667;0,006917;2,570667;0,000000;2,570667;0,000000;2,570667;0,000000;2,570667;0,002449;2,570667;0,000000;2,570667;0,000000;2,570667;3,897882;1,911111;0,030157
2,601333;0,006520;2,601333;0,000000;2,601333;0,000000;2,601333;0,000001;2,601333;0,002305;2,601333;0,000003;2,601333;0,000000;2,601333;3,548146;1,988889;0,024753
2,632000;0,006151;2,632000;0,000000;2,632000;0,000000;2,632000;0,000000;2,632000;0,002174;2,632000;0,000002;2,632000;0,000000;2,632000;3,258987;2,066667;0,020472
2,662667;0,005806;2,662667;0,000000;2,662667;0,000000;2,662667;0,000001;2,662667;0,002051;2,662667;0,000001;2,662667;0,000000;2,662667;3,008108;2,144444;0,017043
2,693333;0,005483;2,693333;0,000000;2,693333;0,000000;2,693333;0,000003;2,693333;0,001934;2,693333;0,000002;2,693333;0,000000;2,693333;2,804526;2,222222;0,014279
2,724000;0,005182;2,724000;0,000000;2,724000;0,000000;2,724000;0,000000;2,724000;0,001828;2,724000;0,000002;2,724000;0,000000;2,724000;2,726637;2,300000;0,012036
2,754667;0,004901;2,754667;0,000000;2,754667;0,000000;2,754667;0,000002;2,754667;0,001727;2,754667;0,000006;2,754667;0,000000;2,754667;2,656075;2,377778;0,010200
2,785333;0,004638;2,785333;0,000000;2,785333;0,000000;2,785333;0,000001;2,785333;0,001634;2,785333;0,000002;2,785333;0,000000;2,785333;2,634049;2,455556;0,008690
2,816000;0,004391;2,816000;0,000000;2,816000;0,000000;2,816000;0,000000;2,816000;0,001546;2,816000;0,000003;2,816000;0,000000;2,816000;2,637409;2,533333;0,007441
2,846667;0,004160;2,846667;0,000000;2,846667;0,000000;2,846667;0,000001;2,846667;0,001463;2,846667;0,000018;2,846667;0,000000;2,846667;2,602810;2,611111;0,006400
2,877333;0,003944;2,877333;0,000000;2,877333;0,000000;2,877333;0,000001;2,877333;0,001387;2,877333;0,000003;2,877333;0,000000;2,877333;2,181188;2,688889;0,005529
2,908000;0,003741;2,908000;0,000000;2,908000;0,000000;2,908000;0,000001;2,908000;0,001314;2,908000;0,000002;2,908000;0,000000;2,908000;1,797298;2,766667;0,004796
2,938667;0,003550;2,938667;0,000000;2,938667;0,000000;2,938667;0,000000;2,938667;0,001247;2,938667;0,000004;2,938667;0,000000;2,938667;1,530301;2,844444;0,004176
2,969333;0,003371;2,969333;0,000000;2,969333;0,000000;2,969333;0,000000;2,969333;0,001184;2,969333;0,000002;2,969333;0,000000;2,969333;1,354832;2,922222;0,003651
3,000000;0,003202;3,000000;0,000000;3,000000;0,000000;3,000000;0,000000;3,000000;0,000514;3,000000;0,000001;3,000000;0,000000;3,000000;0,557170;3,000000;0,003202
